{"cameraMode":{"drawMode":0,"name":"Shaded","section":"Shading Mode"},"sceneLighting":false,"audioPlay":false,"sceneViewState":{"m_AlwaysRefresh":false,"showFog":true,"showSkybox":false,"showFlares":true,"showImageEffects":true,"showParticleSystems":true,"showVisualEffectGraphs":true,"m_FxEnabled":true},"in2DMode":false,"pivot":{"x":5.0269975662231449,"y":2.74273681640625,"z":5.9594573974609379},"rotation":{"x":0.08148717880249024,"y":-0.8533751368522644,"z":0.13958364725112916,"w":0.4959913194179535},"size":0.17849068343639375,"orthographic":false}